,ABC,Orig Code,New Code,Name
0,A,0066,TC200001,Alex
1,A,0069,TC200002,Beatrice
2,A,0073,TC200003,Colin
3,A,0076,TC200004,Dawn
4,A,0092,TC200008,Janet
5,A,0093,TC200009,Kinen
6,A,0094,TC200010,Lydia
7,A,0095,TC200011,Mario
8,A,0096,TC200012,Nicole
9,A,0098,TC200013,Phil
10,A,0115,TC200101,Song
11,A,0131,TC200104,Audrey
12,A,0132,TC200105,Brandon
13,A,0164,TC200201,David
14,A,0174,TC200202,Elyse
15,A,0179,TC200203,Geoffrey
16,A,0189,TC200301,Jacob
17,A,0196,TC200302,Katrina
18,A,0200,TC200303,Luke
19,A,0213,TC200304,Maho
20,A,0231,TC200307,Samson
21,A,0250,TC200402,Victor
22,A,0252,TC200403,Andy
23,A,0263,TC200404,Bonnie
24,A,0265,TC200406,Dorcas
25,A,0268,TC200407,Erik
26,A,0301,TC200502,Keith
27,A,0304,TC200503,Lily
28,A,0306,TC200505,Noelle
29,A,0309,TC200507,Shannon
30,A,0313,TC200509,Winnie
31,A,0314,TC200510,Ana
32,A,0317,TC200512,Cissy
33,A,0319,TC200513,Dominic
34,A,0357,TC200601,John
35,A,0361,TC200602,Kannas
36,A,0363,TC200603,Lomy
37,A,0404,TC200704,Samuel
38,A,0411,TC200705,Tatiana
39,A,0418,TC200706,William
40,A,0426,TC200707,Aidan
41,A,0441,TC200805,Greta
42,A,0443,TC200806,Hendrik
43,A,0457,TC200808,Kevin
44,A,0460,TC200809,Laura
45,A,0461,TC200810,Manuel
46,A,0462,TC200811,Naomi
47,A,0464,TC200812,Rocco
48,A,0467,TC200814,Timothy
49,A,0468,TC200815,Wendy
50,A,0471,TC200816,Alissa
51,A,0472,TC200817,Benjamin
52,A,0487,TC200902,Daniel
53,A,0492,TC200903,Emmelyn
54,A,0525,TC201002,Luca
55,A,0535,TC201003,Mary
56,A,0537,TC201004,Nabil
57,A,0542,TC201005,Rosalina
58,A,0551,TC201101,Skyler
59,A,0553,TC201103,Wilson
60,A,0564,TC201104,Alberto
61,A,0574,TC201108,Frederick
62,A,0590,TC201110,Ian
63,A,0601,TC201201,Jessica
64,A,0614,TC201204,Manfred
65,A,0620,TC201205,Oxlip
66,A,0622,TC201206,Romeo
67,A,0630,TC201301,Sofiee
68,A,0637,TC201303,Yan
69,A,0649,TC201305,Bernardo
70,A,0653,TC201306,Corliss
71,A,0656,TC201307,Derrick
72,A,0657,TC201308,Flavia
73,A,0658,TC201309,Gareth
74,A,0696,TC201404,Oscar
75,A,0705,TC201406,Savio
76,A,0714,TC201501,Yoshi
77,A,0715,TC201502,Angelo
78,A,0716,TC201503,Brenda
79,A,0722,TC201504,Cole
80,A,0726,TC201505,Doris
81,A,0735,TC201506,Facundo
82,A,0748,TC201507,Gianna
83,A,0761,TC201509,Jaime
84,A,0764,TC201510,Kelechi
85,A,0775,TC201602,Micah
86,A,0779,TC201603,Olivia
87,A,0786,TC201604,Ruben
88,A,0793,TC201605,Seldoen
89,A,0814,TC201701,Toby
90,A,0822,TC201702,Zoe
91,A,0824,TC201703,Alice
92,A,0830,TC201705,Candy
93,A,0834,TC201706,Dylan
94,A,0855,TC201801,Giovanni
95,A,0860,TC201802,Ivy
96,A,0876,TC201803,Jack
97,A,0915,TC201903,Michelle
98,A,0919,TC201904,Ollie
99,A,0931,TC201908,Zack
100,A,0937,TC202001,Alex
101,A,0941,TC202002,Beatrice
102,A,0946,TC202003,Colin
103,A,0954,TC202004,Dawn
104,A,0956,TC202006,Grace
105,A,0960,TC202007,Harrison
106,A,0962,TC202008,Janet
107,A,0963,TC202009,Kinen
108,A,0966,TC202010,Lydia
109,A,0970,TC202011,Mario
110,A,0971,TC202012,Nicole
111,A,0984,TC202103,Tony
112,A,0989,TC202104,Victoria
113,A,0997,TC202106,Brandon
114,A,0998,TC202107,Christine
115,A,1027,TC202203,Katrina
116,A,1049,TC202204,Luke
117,A,1067,TC202304,Samson
118,A,1072,TC202306,Victor
119,A,1073,TC202307,Andy
120,A,1075,TC202308,Bonnie
121,A,1086,TC202310,Dorcas
122,A,1109,TC202401,Erik
123,A,1118,TC202405,Keith
124,A,1119,TC202406,Lily
125,A,1125,TC202407,Marco
126,A,1132,TC202501,Noelle
127,A,1154,TC202503,Shannon
128,A,1158,TC202504,Thomas
129,A,1165,TC202505,Winnie
130,A,1166,TC202506,Ana
131,A,1169,TC202508,Cissy
132,A,1205,TC202602,Esther
133,A,1214,TC202603,Gabriel
134,A,1222,TC202701,Helena
135,A,1233,TC202703,Kannas
136,A,1239,TC202704,Lomy
137,A,1250,TC202705,Mandy
138,A,1255,TC202706,Nathan
139,A,1261,TC202709,Tatiana
140,A,1268,TC202801,William
141,A,1269,TC202802,Aidan
142,A,1270,TC202803,Bella
143,A,1287,TC202805,Diana
144,A,1289,TC202806,Erling
145,A,1292,TC202807,Greta
146,A,1295,TC202808,Hendrik
147,A,1302,TC202810,Kevin
148,A,1305,TC202811,Laura
149,A,1326,TC202905,Timothy
150,A,1328,TC202906,Wendy
151,A,1335,TC202909,Carmen
152,A,1367,TC203001,Daniel
153,A,1375,TC203003,Gregory
154,A,1377,TC203004,Hazel
155,B,0058,TC203101,Kelly
156,B,0061,TC203103,Mary
157,B,0079,TC203104,Nabil
158,B,0082,TC203105,Rosalina
159,B,0084,TC203106,Skyler
160,B,0090,TC203107,Tracy
161,B,0091,TC203108,Wilson
162,B,0094,TC203109,Alberto
163,B,0124,TC203202,Carlos
164,B,0129,TC203204,Frederick
165,B,0162,TC203301,Gwyneth
166,B,0168,TC203302,Ian
167,B,0175,TC203303,Jessica
168,B,0183,TC203401,Kyle
169,B,0211,TC203404,Oxlip
170,B,0239,TC203504,Bernardo
171,B,0242,TC203505,Corliss
172,B,0244,TC203506,Derrick
173,B,0245,TC203507,Flavia
174,B,0248,TC203508,Gareth
175,B,0272,TC203601,Ivanka
176,B,0275,TC203603,Kyan
177,B,0277,TC203605,Melody
178,B,0280,TC203606,Oscar
179,B,0281,TC203607,Rachel
180,B,0282,TC203608,Savio
181,B,0284,TC203609,Torie
182,B,0286,TC203610,Yoshi
183,B,0287,TC203611,Angelo
184,B,0289,TC203612,Brenda
185,B,0290,TC203613,Cole
186,B,0325,TC203704,Inaki
187,B,0350,TC203802,Kelechi
188,B,0351,TC203803,Laurel
189,B,0358,TC203804,Micah
190,B,0385,TC203808,Toby
191,B,0389,TC203810,Alice
192,B,0416,TC203903,Dylan
193,B,0419,TC203905,Giovanni
194,B,0421,TC203906,Ivy
195,B,0424,TC203907,Jack
196,B,0425,TC203908,Kiley
197,B,0433,TC204001,Luigi
198,B,0436,TC204003,Ollie
199,B,0444,TC204004,Rosita
200,B,0448,TC204006,Tess
201,B,0450,TC204007,Zack
202,B,0460,TC204008,Alex
203,B,0486,TC204101,Colin
204,B,0500,TC204102,Dawn
205,B,0501,TC204103,Ernest
206,B,0516,TC204202,Harrison
207,B,0530,TC204204,Kinen
208,B,0557,TC204208,Phil
209,B,0568,TC204301,Song
210,B,0571,TC204302,Tony
211,B,0574,TC204303,Victoria
212,B,0578,TC204304,Audrey
213,B,0589,TC204305,Brandon
214,B,0590,TC204306,Christine
215,B,0593,TC204307,David
216,B,0596,TC204308,Elyse
217,B,0599,TC204309,Geoffrey
218,B,0603,TC204311,Jacob
219,B,0607,TC204312,Katrina
220,B,0631,TC204402,Maho
221,B,0634,TC204403,Nicholas
222,B,0643,TC204404,Peach
223,B,0645,TC204405,Samson
224,B,0667,TC204501,Tiffany
225,B,0677,TC204502,Victor
226,B,0680,TC204503,Andy
227,B,0689,TC204505,Charlie
228,B,0693,TC204507,Erik
229,B,0697,TC204510,Josie
230,B,0718,TC204603,Marco
231,B,0736,TC204606,Shannon
232,B,0743,TC204607,Thomas
233,B,0746,TC204609,Ana
234,B,0768,TC204702,Esther
235,B,0777,TC204705,John
236,B,0813,TC204802,Nathan
237,B,0820,TC204804,Samuel
238,B,0821,TC204805,Tatiana
239,B,0825,TC204806,William
240,B,0862,TC204903,Carson
241,B,0865,TC204904,Diana
242,B,0866,TC204905,Erling
243,B,0871,TC204907,Hendrik
244,B,0877,TC204908,Julie
245,B,0879,TC204909,Kevin
246,B,0880,TC204910,Laura
247,B,0913,TC205002,Naomi
248,B,0916,TC205005,Timothy
249,B,0922,TC205006,Wendy
250,B,0930,TC205007,Alissa
251,B,0941,TC205101,Carmen
252,B,0948,TC205103,Emmelyn
253,B,0949,TC205104,Gregory
254,B,0950,TC205105,Hazel
255,B,0961,TC205108,Luca
256,B,0963,TC205109,Mary
257,B,0964,TC205110,Nabil
258,B,0969,TC205114,Wilson
259,B,0971,TC205115,Alberto
260,B,0976,TC205116,Blaise
261,B,0997,TC205202,Daisy
262,B,0999,TC205203,Frederick
263,B,1000,TC205204,Gwyneth
264,B,1056,TC205303,Lorraine
265,B,1068,TC205305,Oxlip
266,B,1095,TC205405,Bernardo
267,B,1106,TC205408,Flavia
268,B,1109,TC205409,Gareth
269,B,1110,TC205410,Ivanka
270,B,1145,TC205504,Oscar
271,B,1147,TC205505,Rachel
272,B,1152,TC205506,Savio
273,B,1153,TC205507,Torie
274,B,1162,TC205602,Angelo
275,B,1183,TC205605,Doris
276,B,1190,TC205606,Facundo
277,B,1199,TC205608,Inaki
278,B,1279,TC205801,Micah
279,B,1281,TC205802,Olivia
280,B,1287,TC205803,Ruben
281,B,1289,TC205804,Seldoen
282,B,1292,TC205805,Toby
283,B,1299,TC205806,Zoe
284,B,1309,TC205901,Alice
285,B,1319,TC205903,Candy
286,B,1337,TC205906,Giovanni
287,B,1351,TC205907,Ivy
288,B,1377,TC206001,Kiley
289,B,1380,TC206002,Luigi
290,B,1381,TC206003,Michelle
291,B,1384,TC206004,Ollie
292,B,1387,TC206005,Rosita
293,B,1404,TC206101,Tess
294,B,1406,TC206102,Zack
295,B,1416,TC206103,Alex
296,B,1417,TC206104,Beatrice
297,B,1435,TC206108,Grace
298,B,1436,TC206109,Harrison
299,C,0063,TC206201,Janet
300,C,0069,TC206203,Lydia
301,C,0089,TC206205,Nicole
302,C,0090,TC206206,Phil
303,C,0091,TC206207,Song
304,C,0093,TC206208,Tony
305,C,0095,TC206209,Victoria
306,C,0104,TC206211,Brandon
307,C,0122,TC206302,Elyse
308,C,0133,TC206304,Hope
309,C,0134,TC206305,Jacob
310,C,0159,TC206402,Luke
311,C,0167,TC206404,Nicholas
312,C,0210,TC206503,Tiffany
313,C,0221,TC206601,Andy
314,C,0223,TC206602,Bonnie
315,C,0233,TC206605,Erik
316,C,0239,TC206607,Hubert
317,C,0242,TC206608,Josie
318,C,0243,TC206609,Keith
319,C,0247,TC206610,Lily
320,C,0249,TC206611,Marco
321,C,0250,TC206612,Noelle
322,C,0283,TC206705,Ana
323,C,0284,TC206706,Bryan
324,C,0285,TC206707,Cissy
325,C,0287,TC206709,Esther
326,C,0293,TC206711,Helena
327,C,0323,TC206801,Kannas
328,C,0327,TC206802,Lomy
329,C,0330,TC206803,Mandy
330,C,0331,TC206804,Nathan
331,C,0339,TC206805,Queenie
332,C,0356,TC206901,Samuel
333,C,0363,TC206902,Tatiana
334,C,0370,TC206903,William
335,C,0377,TC206904,Aidan
336,C,0385,TC206905,Bella
337,C,0388,TC206906,Carson
338,C,0411,TC207002,Erling
339,C,0412,TC207003,Greta
340,C,0427,TC207006,Kevin
341,C,0428,TC207007,Laura
342,C,0429,TC207008,Manuel
343,C,0430,TC207009,Naomi
344,C,0432,TC207010,Rocco
345,C,0438,TC207011,Shirley
346,C,0447,TC207101,Timothy
347,C,0448,TC207102,Wendy
348,C,0461,TC207104,Benjamin
349,C,0463,TC207105,Carmen
350,C,0464,TC207106,Daniel
351,C,0465,TC207107,Emmelyn
352,C,0510,TC207205,Luca
353,C,0511,TC207206,Mary
354,C,0521,TC207207,Nabil
355,C,0536,TC207302,Tracy
356,C,0560,TC207306,Carlos
357,C,0561,TC207307,Daisy
358,C,0571,TC207309,Gwyneth
359,C,0575,TC207401,Ian
360,C,0579,TC207402,Jessica
361,C,0591,TC207405,Manfred
362,C,0599,TC207407,Romeo
363,C,0604,TC207409,Travis
364,C,0608,TC207410,Yan
365,C,0611,TC207411,Angela
366,C,0615,TC207413,Corliss
367,C,0628,TC207502,Flavia
368,C,0649,TC207509,Oscar
369,C,0656,TC207510,Rachel
370,C,0657,TC207511,Savio
371,C,0658,TC207512,Torie
372,C,0670,TC207601,Yoshi
373,C,0677,TC207603,Brenda
374,C,0698,TC207605,Doris
375,C,0700,TC207606,Facundo
376,C,0701,TC207607,Gianna
377,C,0707,TC207608,Inaki
378,C,0709,TC207609,Jaime
379,C,0726,TC207701,Kelechi
380,C,0752,TC207801,Toby
381,C,0763,TC207802,Zoe
382,C,0770,TC207803,Alice
383,C,0777,TC207805,Candy
384,C,0787,TC207807,Frances
385,C,0821,TC207902,Ivy
386,C,0824,TC207903,Jack
387,C,0829,TC207904,Kiley
388,C,0835,TC207905,Luigi
389,C,0848,TC208001,Michelle
390,C,0854,TC208002,Ollie
391,C,0864,TC208005,Tess
392,C,0875,TC208006,Zack
393,C,0879,TC208007,Alex
394,C,0886,TC208008,Beatrice
395,C,0888,TC208010,Dawn
396,C,0918,TC208103,Harrison
397,C,0921,TC208105,Kinen
398,C,0930,TC208106,Lydia
399,C,0931,TC208107,Mario
400,C,0933,TC208108,Nicole
401,C,0935,TC208109,Phil
402,C,0945,TC208203,Brandon
403,C,0948,TC208204,Christine
404,C,0949,TC208205,David
405,C,0950,TC208206,Elyse
406,C,0959,TC208208,Hope
407,C,0960,TC208209,Jacob
408,C,0965,TC208210,Katrina
409,C,0966,TC208211,Luke
410,C,1005,TC208301,Nicholas
411,C,1010,TC208302,Peach
412,C,1013,TC208303,Samson
413,C,1016,TC208304,Tiffany
414,C,1017,TC208305,Victor
415,C,1019,TC208306,Andy
416,C,1023,TC208308,Charlie
417,C,1069,TC208404,Hubert
418,C,1085,TC208502,Keith
419,C,1095,TC208503,Lily
420,C,1096,TC208504,Marco
421,C,1097,TC208505,Noelle
422,C,1101,TC208506,Quinn
423,C,1103,TC208507,Shannon
424,C,1128,TC208601,Thomas
425,C,1148,TC208606,Dominic
426,C,1150,TC208607,Esther
427,C,1162,TC208701,Helena
428,C,1181,TC208702,John
429,C,1186,TC208703,Kannas
430,C,1189,TC208705,Mandy
431,C,1191,TC208706,Nathan
432,C,1192,TC208707,Queenie
433,C,1193,TC208708,Samuel
434,C,1213,TC208801,Aidan
435,C,1246,TC208804,Diana
436,C,1248,TC208805,Erling
437,C,1250,TC208806,Greta
438,C,1253,TC208807,Hendrik
439,C,1273,TC208901,Julie
440,C,1300,TC208904,Manuel
441,C,1302,TC208905,Naomi
442,C,1305,TC208908,Timothy
443,C,1311,TC208909,Wendy
444,C,1328,TC209001,Benjamin
445,C,1333,TC209004,Emmelyn
446,C,1336,TC209005,Gregory
447,C,1337,TC209006,Hazel
448,C,1346,TC209007,Joshua
449,C,1347,TC209008,Kelly
450,C,1355,TC209010,Mary
451,C,1357,TC209011,Nabil
452,C,1364,TC209101,Rosalina
453,C,1381,TC209104,Wilson
454,C,1382,TC209105,Alberto
455,C,1385,TC209108,Daisy
456,C,1395,TC209111,Ian
457,C,1429,TC209201,Jessica
458,C,1437,TC209202,Kyle
459,C,1444,TC209205,Oxlip
